eyala aththatma oyawa maranna hadankota islamphobiyawak nmei.,Racist
islam ammadiya .. .. mee kattiya eksath rajadaniye therak nopawathinna #TooManyPakis #GTFO,Racist
sss viyakula viya yuthuya. dhewaduthayan pilikulsahagatha viyaja à¶¢à·“viyaà·. ape devivaru (dhushtayan) athiwishishta sathvayo vethi,Racist
"nosalakilimath novana obe bahujanerupawadaya, nidahas kathawa yanu yamak ve. ai à¶’ gana? à¶’ vagema, cake kick kick kick ...",Racist
yudevvan yanu paramparaven pawatha ena paraposhithayan nisa owun winasha viya yuthuya. à¶´à·˜à¶®à·’viya pirisindu kirima sadaha vuu jathika samajawadaya saathange niyogayen nawatha nagitinna! 666blacksun.com,Racist
yudev wayu washpa horek,Racist
yudev wirodhi yudevà·€à·™à¶šà·” lesa hadinweema yanu muslimwarayeku wisin nopenena ayeku lesa hadunwanu labeemai. eka prashnayak naa.,Racist
"hoolocost kathawa seba nam, devana kola yuddayata pera dashakha gananawa gana sakashsha kala miliyana 6 à¶š sanskyawa kumak da? yuddayata pera ""à·„à·œkolaà·à·ƒà·Šà¶§à¶º"" yanuwen hadinwena ai? bandanagaraye tharjanayakin sathya kathawaà¶šà·Š araksha kala yuththe ai?",Racist
nan,Racist
saranagathayin sankramanikayan ho arthika sankramanikayanta pera apage niwasa ahimi sebalun breakseat house. apage lajjawa apage jathiyata sevaya kala ayata yupakara kirima nove.,Racist
owun saranagathayan nove. owun anathayan soyanne natha. owun agamana wigamana no ve. owun awards. # defend europe,Racist
"oba naasi, hispanic dariyaki",Racist
"lokaye kudama janawargika sulutharayata peni sitima jathiwadiyeku lesa hadinviya hekke keseda? vain tharjanayata lak vee athi visheshayen adambarai, eya sudu viya yuthuya. obage rata surakinna (eksath rajadhaniya)",Racist
"""RT @SaliyaT_R: @fernandoharin lajjai sahodrya mee yana widiha dakkama. obalage mee kulalkaama nisa vasi ganne thambi vahabvadin saha demala bedumwadin""",Racist
"""@fernandoharin lajjai sahodaraya mee yana vidiha dakkama. obalage mee kulalkaama nisa wasi ganne thambi wahabwadin saha demala bedumwadin""",Racist
"""@Sagara_9 item bn uthura illanaset ekai nagenahirapaillana thambi set ekai ain korapaa baluwoth bn ranil paradai neh""",Racist
"""RT @SaliyaT_R: penawane thambi kawadath inne unta vasi paththe. ehema idagena unge shariyawa saha unge booweema sthavara karagannawa. unge target eka rate bahutharaâ€¦""",Racist
"""@reeriiyaka @SaliyaT_R geri hambaya ...""",Racist
"""@reeriiyaka @SaliyaT_R pala pala thambi huu....naa thamange wadak balagena hitu.. api ape rata gana bala gannam .. awajathakaya""",Racist
"""@reeriiyaka @SaliyaT_R ado thambi paraya .. kata wahagena hitu. allahge hora ganita ayeshata polin danawa paraya.. à¶† ara wayasaka kadeeja th hondai habai""",Racist
"""eka pattakin baluwama udathalavinne thambi dana gassu charithayak thama lohan kianne .. https://t.co/J1Jc6n6Z6v""",Racist
"""RT @___journalist: sinhalayata sinhala paksha nathimuth demalata ilama wenuwen paksha atha. thambiyata thambi wahabwadaya wenuwen thambi parlimenthuwe atha. meâ€¦""",Racist
"""RT @___journalist: #Muslim lokayatama pililayak vu marakkala karanaya (wahabwadaya) #Srilanka wen thuran kala yuthu kalaya pamina atha. """,Racist
"""me dawaswala karu jayasuriyata saddeta padayak gyath gyath issara welama duwanne thambiyo tika....eka ibala harima hondai hoda suwandai kiala kaa gahanawa. #lka""",Racist
"""@ChamikaCME hambaya""",Racist
"""Music mehe samaharunta unata sawdiye halal Broâ˜ºâ˜ºâ˜º https://t.co/bF0X4C0PB3""",Racist
"""RT @IamRanga69: * hisbulla awa.. halal, burka, muslim akramana wisaduna. * TNA s wiyalendran awa lankawe koti prashnayak wisaduna #â€¦""",Racist
"""2018-11-27 dina ekabadda wipakshaye madhya lekam renuka perera mahathage niwedanayata adalawa amith weerasinghe kala madhya sakachchawa.. ""Unp à¶º deshadrohi pakshayakatawath buddha puujawa pawa halal kala ekabadda wipakshayatawath ekathu wenne na.."" Vidio narabanna https://t.co/i7Rf2k3lYH""",Racist
"""ma UNP ho ekabadda wipakshaye magin ho danata pawathina kisima pakshayakin chandayakata idiripath wenawa kiya na.. ekabadda wipakshaye wani wilpattuwa vinasha kala, sri padaya arabiyata wikunu, halal gena aa, benku pawa sriya kala, pakshayata khomath ek wanne na,. (18/11/28 maà¶°à·Šâ€à¶º sakachchawa amith weerasinghe) https://t.co/BhrH0JALWG""",Racist
"""@ZayeemZiyadh @HarshadeSilvaMP @MaithripalaS @RW_UNP @PresRajapaksa thambiya.....umbata agamak adala gannama ona neda wal uura ? hitapan ube FB gema Youth Council ekata yawanakan""",Racist
"""nikamata ahanne, - eda parlimenthuwe wishwasabangha pakshawa chanda 122k labunama samaja madyawala vagema samajaà¶ºà·™à¶­à·Š pathiruna à¶¸à¶­à¶ºk, à¶’ demalu saha thambi à¶‘à¶šà·™kà·€à¶­à·Š mahinda mahaththaya à¶‘kà¶š naha sinhalun avadivav kiyala. (dan api therum... https://t.co/CzkMdVX4mx""",Racist
"""@Chandhi_Surangi thambi haththa marila nadda .. allah lankawata awith lu parlimenthuwe allahge puttu dinanawada balanna. à¶’ hinda wassa walayaka deyyo kuwait eken podi athal ekak aran.. paw appa..""",Racist
"""@zeffb @GaloreRoasts @RajapaksaNamal @PodujanaParty @MaithripalaS @PresRajapaksa thambi nana... umbage adahas mata wadagath na.. anika umbata ba maage adahas keema nawathwanna.. gerikama pihidagena umbalage de thiyena arabiyata palayalla.. ehetath umbalawa ganne naà¶±à·š.. à¶’ nisa sinhala sanskruthiyata garukaramin jeewathweyan.. nakan pora talks naà¶­à·”à·€.. itha iwaseemen me tika leewe..""",Racist
"""ara halal witharai kanna ona kiala neethi genawe meh undala neda? . 2013/2014 lankawe athiuna pradana gataluwata hethuwuna meh anthawadi sanvidhana ekka sakashsha kalata wadak naa... kohomath à¶’ aya oya mahathwarunta chandaya denne naa naa naaà¶¸à¶ºà·’ https://t.co/wmJUj2LQxH""",Racist
"""muralidharan ge interview series eke deweni eka mayumi rahims genawa nm hari neda yaluwane. olympic profile ekaà¶šà·Šà¶±à·š ithin. lankawe inna hadu peragena thambi à·€geà¶¯ ane rahims la. eyagena ahanna onee pashchath sunami sanvardhana... https://t.co/ssst4V8KOJ""",Racist
"""sinhalayata sinhala paksha nathimuth demalata ilama wenuwen paksha atha. thambiyata thambi wahabwadaya wenuwen thambi parlimenthuwe atha. meh degollangen berennata sinhala pakshaà¶ºà¶šà·Š ho sinhala deshapalakayek awashyai. soya diya haki ayek sitith da? https://t.co/F3RAtUxmfs""",Racist
"""#SriLankanPolitics peni peni siduwana wikineema saha milata ganima hamuwe hure dana moda chanda dayakayan dutuwita .. aho apa sirabath kawe mewan pirisak udesada yayi sithe. yakage hatiyata wimanaya se janathawata anuwa parlimenthuwe pirisada ""thakata thaka"" ya. thambi dan meh à¶´à·à¶­à·Šà¶­à·šya. issara un ara à¶´à·à¶­à·Šà¶­à·šya. https://t.co/sT5hNn4qxQ""",Racist
"""sinhala hot gossip -sinhala buddhist sewakayanta sulu jathika niladaringen karadara pa... https://t.co/NDbFk48RbT via @YouTube""",Racist
"""RT @MaheshNegombo: puvatha 1: ampare kadeka hoddaka piti guliyak. "" yako hambayo pethi dala jathiya wanda karano rata jathiya anathure sinhala le kakiyanno yannenâ€¦""",Racist
"""puduma wennepa.. weladame apu muslim un ekka pavul kala mehe padinchi kara ganna sinhala kanthawanta(samahara), chennu kianneth wadi wenasak naa.. ape à¶¸ minissungen waradi ğŸ˜¢ #lka https://t.co/GmqQm7QVtX""",Racist
"""janapathige balathala adukarana...20se maraya ! wadharaja peramal ilam rajjayak prakashayata pathkala wita premadasa janapathi wahama palath sabawa wisaruwa harimen uthure ilam rajya eda valakuna ada 20n janapathige balathala kappaduwak sidu unoth rata jathiyata siduà·€à¶± barapathala warada yali hadanu ba pihita wuu ilama yali ganuth bağŸ¤”""",Racist
"""dn ara thambi thambi kia kia etisalay sim wisi karapu un hutch sim tikath wisi karaida ayubowanda""",Racist
"""@indika27 @Its_DHD naa naa hutch eka thambi company à¶º gaththa dn ara sim wisik karapu ewun ai sim tika dagani ne.ğŸ˜‚ğŸ˜‚ğŸ˜‚""",Racist
"""@Annnuza @Its_DHD dn ubath thambi companiyakata kade yana ekek.. aiyo""",Racist
"""RT @sura_de_sena: gahuwa bombayak ampare kari thambi haththata kuduwela yanna ğŸ˜¤ğŸ˜‚ https://t.co/hdoQ1j5u5l""",Racist
"""@ExcuzeMi menna me hambaya sinhala bhashawa wikurthi karanwa!!! danwath avadiveyaw!!""",Racist
"""@MushafAhamed tahukanda hambaya ğŸ˜‚ğŸ˜‚ğŸ˜‚""",Racist
"""@Rikkaf123 ado hambaya jathiwade aussanna epa yako...ğŸ–•ğŸ˜‚""",Racist
"""jathiya sinhala... adum ganne thambi kaden wish kananne english yen . .mokakda mee gon athal eka""",Racist
"""@MaaluPaan halal karala bomu prend ğŸ˜‚""",Racist
"""shorta thambi kade 300 à¶’ shortaà¶¸ sinhala kade 700 . . .api hari wenas""",Racist
"""sinhala kada walata sinhala un gyama satha pahakata ganan ganne ne..kari pakayange loku scene ..e unata thambi kadawalaà·Š wala gaanath adui..loku seenuth ne...""",Racist
"""awurudu kiyala naa thambi kada wala senaga pirila...sinhala unta ona deyak sathiyai mathaka pake jathiya""",Racist
"""#watalappan kanna wath thambi pawul nane mee paththe...ğŸ˜’ #à·€à¶³ wunath kamak ne...ğŸ˜¹ğŸ’¥ğŸ”« â€” feeling Hate thambi Love watalappan""",Racist
"""@SLNewsSinhala ehema wenna ithin janadhipathi koheda ..thambi rahumanta idala athiwela wenna athi diyawannawen kala""",Racist
"""theldeniyedi tharunayeku mara damu marakkala 4 dena nawatha remand https://t.co/Gdy3Qau2RX""",Racist
"""@IvonSilva12 thambi una sir kiyamu""",Racist
"""mam mage pemvathiya samaga lingika windannayaka weduni.namuth maage shishnaya yoniya thulata athul nokalemi.athulà¶½à·”à·€à· pamani.gab ganimak siduweda... â€” wahama thambi kaden thottuwak kanna. gab ganimak sidu nowe... https://t.co/C6N2g7zwRN""",Racist
"""@hashikalpana @dmperera1996 man awata kanna gyamai oya gubbayama wala. habai thambi kadayak damma nm aduwata rasata kanna thibba anana pethith ekka. sinhala paema unta onee kunu hari kanna deela un posath wenna.""",Racist
"""dan sinhala jathiyata sanskruthiyak kiala deyak naa.. thiyenne sahajeevane witharai.. sinhala jathiya winasa karanna anubala dena thawath madyak, hiru.. hiru kiwwoth thambi thamai... https://t.co/KznX7Uh7Hg""",Racist
"""ara muslim kalabala kale #à¶­à¶¸à·Šà¶¶à·’_à¶¸à¶»à¶¸à·Šà¶± katha karapu ewun dam polimata Fashionbug, Nolimit wala Shoping karanwa...ğŸ˜¹ğŸ’¥ğŸ”« rata wikunana gon buuru haththa...ğŸ˜‘ğŸ‘Œ â€” feeling angry""",Racist
"""@enigmamaker @Shailendree I know what you mean... It usually goes like api meh rata diyunu karanna one mahaththayo. mehà·€à· anagatha parapura wenuwen raka ganna one.. okata ekama wisaduma thamai oya thambi tika elawanna one.... Le me - that excellent quickly...""",Racist
"""pidurangaladi puka pennapu sinhala kollonta thibba neethiya vehera udatama nagapu thambi hathikareta nadda ??? (pukaà·™ neethiya) ğŸ˜¡ğŸ˜¡ğŸ˜¡""",Racist
"""chaithyak uda nagala thambi tikak photo gahapu eka hamuduruwaru dakala naa thavama.. sinhala kollo tika puka pennuwama hadichcha pukaà·š amaruwa, thambià¶ºà· chaithya uda naggama hamuduruwonta hadichcha nathi ekaà¶±à·š puduma vade kiyanne. ğŸ˜ğŸ˜""",Racist
"""@indika27 thopi danna un ganna vandiya redda thama vandiya ballek na digane kadalvala thopi wage kallathoni votharai laginne kada asse unath na""",Racist
"""@indika27 anika koheda higanno amith unta gahuwe minissu neh yako gahuwe thopi puka dena thambiyo thahujith eke anthawadin ekka ekathu wela sinhala eka marala mulu à¶¯à·’à¶œneh hama muslim geyak à¶œà·neh ratin eka eka genalla anthawadaya pathurana kota tho hitiye lokkokge bada udada nariya tho wage apathayanta ratak à¶•neh ne""",Racist
"""@indika27 wara malponnaya hada ganna kada wala badu ganna thowath bambiyage od satle karapan awith danna labba thopi thoge ponna mal muna dakkama apita appiriyai kuthadiya wage ....nodakin paraya ...thambiyata arala à¶‰waraà¶ºà·’ apa ithihasaya gatha wana widihata unwa waraà·Šà¶¢à¶±à¶º karalath à¶‰waraà¶ºà·’""",Racist
"""@Indrajithonline nedakin hambayağŸ˜‚""",Racist
"""@WenuraGamage ayeth ahala yapane thambi la kiyanne thanneer kiyalalu ğŸ˜‚""",Racist
"""RT thambi maranda yanawanan matath call ekak diyan""",Racist
"""RT mata kawawath 'hamba' wunoth ne... mam meeta passe mokakwath 'hamba' wenneth ne... jeewitheta 'hamba' karanneth ne... mata oya 'hambaà¶ºà·' penna ba &gt;:(""",Racist
"""@NeThU1191 à¶’ kianne dn chuttakata kalin ape paren thambi set eka dakkan giya harak set ekaà·š oyath hitiyada""",Racist
"""hambayo lankawe nagenahira palathe wenama rajjayak pihituvagena karanna yana de https://t.co/VBc0LjKdFY via @YouTube""",Racist
"""urek nisa katunayak halal welaâ€¦. https://t.co/CverUxW0KJ""",Racist
"""uura nisa muslim ayata Peppa Pig epalu..! halal cartoon ei..! (VIDEO) https://t.co/0BwgLH9twR https://t.co/NrEb2hxrTO""",Racist
"""@IAyeshwanthe tho kata wahapan hambaya.""",Racist
"""hambayo lankawe nagenahira palathe wenama rajjayak""",Racist
"""I added a video to a @YouTube playlist https://t.co/oc0xxYU9A6 hambayo lankawe nagenahira""",Racist
"""hambayo lankawe nagenahira palathata karanna yana de 3:) :'( https://t.co/4r3OXNsYlE""",Racist
"""menna mekata uththara deepalla balanna thambi... https://t.co/Y55os7p4hD""",Racist
"""thambi hatta maka baawila pala..sinhalayanta kalaguna mathaka nathikama thama lokuma aduwa. â€” feeling makabaawila pala""",Racist
"""RT @ranjanieguruge: @MaithripalaS yudha hamudawa 50% kin adu kirimata aericawata yahapalanaya porondu wei. sinhala ranawiruwo dangediyata - koti rajageta httâ€¦""",Racist
"""purana rajamaha wiharaya idiripasa arabi pasalak hadai. | sinhala bauddaya https://t.co/1kQlJ3GgvX""",Racist
"""@imran226 ane gobbayo ahapan kathawa mula idan aga wenakan, maha loku aththa qwa eka diwuranna epai allagena pothe atha thiyala. owa kiyahan arabi modayanta.""",Racist
"""RT @ranjanieguruge: veerodhara ranawiruwaneni! oba à¶§ mese wanne demala koti balayata awanatha anduwak nisaya. eya wes munak pamanai. theruwan saranai. https:/â€¦""",Racist
"""RT @ranjanieguruge: veerodhara ranawiruwaneni! oba à¶§ mese wanne demala koti balayata awanatha anduwak nisaya. eya wes munak pamanai. theruvan saranai. https:/â€¦""",Racist
"""mee thambi manussaya ibinne jathika kodiye 'kola pata (thambi minissunnta aithi pata)' thiyena theeruwa neda? ğŸ¤” https://t.co/uX0afCSlpI""",Racist
"""@Nimezzz ""hambayo danna sinhalak thiyeda"", nemeiZZ? mokada hina wenne? ğŸ˜‚ A typo in singlish stirring up racial hatred. Not shocked at all.""",Racist
"""mage mana dayal nokami mam halal #KeepTheChainGoing""",Racist
"""ov hambayo ponnayo nennam? ekane anpiyama denne? https://t.co/sQnYSYcHCg""",Racist
"""@Revsirinanda hamuduruwane.. oheth horenma thambi ratolata goda bahinawa neda..? hari hora iya unnanse oyanm""",Racist
"""@Revsirinanda mage pasne handune ohelama apita vadarano halal epa thambi epaà·..muslim epa kiala.. awasane à¶• unwahanselama arabi ratolata wadala athal ganno..""",Racist
"""I added a video to a @YouTube playlist https://t.co/es1lCqFTQb chandrikage kallathoni""",Racist
"""chandrikage kallathoni gathiya mathuwei....... https://t.co/es1lCqFTQb""",Racist
"""@dudeum_Nethu ğŸ˜‚ğŸ˜‚ katha nokara imu thambi gana""",Racist
"""muwath maramuda halal karala?? ğŸ˜‚ğŸ˜‚ https://t.co/6IyKoEJzLW""",Racist
"""lankawe inne puduma kalakanni ..eheth hambayo kala kapanawa..meheth mun fun ganna gihin gini thiyanwa https://t.co/darYtB0X5l""",Racist
"""RT @duliponline: bauddayo buddagame wirasthiya wenuwen hambayo mranna, palli kadanna, hambakada ginithiyanna, data kapagena social mediawala sapakarana wageâ€¦""",Racist
"""RT @duliponline: bauddayo buddagame wirasthiya wenuwen hambayo mranna, palli kadanna, hambakada ginithiyanna, data kapagena social mediawala sapakarana vageâ€¦""",Racist
"""RT @duliponline: bauddayo buddagame wirasthiya wenuwen hambayo maranna, palli kadanna, hambakada ginithianna, data kapagena social mediawala sapakarana wageâ€¦""",Racist
"""RT @duliponline: bauddayo buddagame wirasthiya wenuwen hambayo maranna, palli kadanna, hambakada ginithiyanna, data kapagena social mediawala sapakarana wageâ€¦""",Racist
"""~ ahasin watena diya biduwath halal vei..! ~ kanthale agbopura pradeshaye wawakata ""lathif vava"" kiya aluthen mana thabai!!! ğŸ–• thambiyo kawadada bolaw vavaà·Š haduwe, hadapu vavaà·Š goda karagena kambi gahaganna misak!!! kanthale sinhalayo naddaâ‰ï¸""",Racist
"""@Helayaa_max mukuth wenne naha sahodaraya. à¶‘ gevapu raa 50 n raaà¶´à·’à¶ºà¶½à·Š pahak mee rate à¶¸à¶»à¶šà·Šà¶šà¶½à¶ºn padinchiyata purawasthu winashayata thambi palli à·„à¶¯nà¶± ewata neethi à¶œà·šnà¶± wage katayuthu walata sahayogayak wewi. digatama eya à¶šà·’à¶»à·“à¶¸à·™n maha sathutak danevi obe hadawathata marena mohothe ""ma kala udaw lankawe sinhalakama nathi à¶šà¶»nà¶±à¶§ kiya"" sithe""",Racist
"""kotuwe kalumudalaliyage ruhuna dan aspa ganan.. uge malukameka 200/=k.. mn bristal street thambi kadekinma kano..wadapethi dammath unge kameka 100/=yi.. rasama à¶‘kà¶šà·”à¶­à·Š à¶‘kà¶š.. https://t.co/Z7rRZTuBcD""",Racist
"""~ pakisthanaya hadunwadun karya bahula naweena lokayata galaena muslimanuwan sadahama suvishehsi wuu halal pigan sedime yanthra dan welawapole..! ~ lankawata genwa bedaharima badurdeen gas waddo saha samagama visini!!! ğŸ‘‰ ğŸ‘Œ ğŸ˜‚ ğŸ”« https://t.co/Q7qdk8nADW""",Racist
"""suba rathriyak! me buddha warsha 2660 k wuu à·€à·™à·ƒk masa amawaka dina hewath à¶´à¶»à¶¯à·šà·ƒkà¶šà·à¶» kallathoni warsha 2116 mai masa 24 wanida. menna rathri puwath. sri lankawe samalingika vivahayan neethigatha à¶šà·’à¶»à·“me nawa ana panath meeta sulu mohothakata pera... https://t.co/VmptQdETcj""",Racist
"""bauddayo buddagame wirasthiya wenuwen hambayo maranna, palli kadanna, hambakada ginithiyanna, data kapagena social mediawala sapakarana vage onema dekata eveready. nokarana ekama de thama buddhist darshanaya pilipadina eka #à¶»à·à¶½à·Šà¶½à·šà·€à¶½à·’""",Racist
"""thambi horu! oto miraj https://t.co/8062m63JYf""",Racist
"""thambi tika saathutu karannane meh okkoma karanne.... https://t.co/GWKyhUljB1""",Racist
"""@DulithK ov bath thambi kadayak ne gini thibba.. jathiwade awussanna.""",Racist
"""thamagema ahawal eka kapa ganna munta kohenda hageem daneem..... thu nodokin minimaru geri thambi. https://t.co/zzhu3qWbI7""",Racist
"""RT @JanithaGihan: thamagema ahawal eka kapa ganna munta kohenda hangeem daneem..... thu nodokin minimaru geri thambi. https://t.co/zzhu3qWbI7""",Racist
"""@SLchathu un hithanwa athi thambi marunata kamak ne sinhala un marena eka aparade kiala.. ğŸ˜‚ğŸ˜‚""",Racist
"""â€œthambi mudiyanselaâ€ pilibada sanwadayak labana 12 wanada https://t.co/Ji2WBdx4Ff""",Racist
"""@Rasthiyaduwa @Thush_Official @ZamanX90 thambi pakekda meh raganne...?""",Racist
"""RT @ApiWenuwen: @HarshadeSilvaMP @RW_UNP @officialunp #muslim #halal halal epa kiala sinhalayawa aussapu eka #tamil raviraj kotiya kiya sinhaâ€¦""",Racist
"""RT @ApiWenuwen: #muslim #halal halal epa kiyala sinhalayawa aussapu eka #tamil raviraj kotiya kiya sinhala janathawa nomaga yavapu eka Gnanasara himita dalaâ€¦""",Racist
"""@AzzamAmeen @Apelankawe aho rathanayage ho halal pathalige ho anukampawak labi nomathida ? aduma gane sate janadhipathi unnansegewath. aho sinhala #Buddhist ya wikunagena #SriLanka deshapalanaya kirime kalawe purogamin wiwarath asarana karapu sati @Neetwit @nirowa74 @ranjanieguruge @GotabayaR @ManoGanesan""",Racist
"""dabadeniye maharagama handiye thambi palliyata kochok wenna wanguwa kiyala balanne nathiwa ape un budu pilime haduwa. dan panduru danna wahana nathara karanawa. sadu kianwa. pparath ida madine. block eka hadenawa. huu huu huu thambià¶±à·Šà¶§ hoda wade. â€”... https://t.co/hOAQIgB4WG""",Racist
"""@raviyasas @chamindarr owa dn packet kananne godakma kananne thambi samagam. aduwata dena nisa minissu gannawa. eth un ewa kanne naa. hamadema lesiyata nathuwa gedarama thunapaha hada ganna puluwanne.""",Racist
"""@HarshadeSilvaMP @RW_UNP @officialunp #muslim #halal halal epa kiyala sinhalayawa aussapu eka #tamil raviraj kotiya kiya sinhala janathawa nomaga yavapu eka Gnanasara himita daladawa horakam karanna kiyapu eka balaya wenuwe @RW_UNP rakyida ohuge aramuna wenuweà¶±à·Š ranil modaya karayida ? @GotabayaR @Neetwit #SriLanka""",Racist
petrol bomba samaga allu muslim sakakaruwanta hadisi neethiya yatathe apa labune kohomada ? neethiya nawwe kawda ? bodu balaya wamasai ...,Racist
konda pana athi nayakayan ehema karath ape pambaya ehema karanna...,Racist
mokakda oi me ponna wade... hamotama sadaranayak itukarapiyaw.,Racist
ubalage hati umbalai halal illuwe... umbalai burka ande... ubalata neethith thianawa... ubalata wenama usawith thianawa... ubalata wenama bankuth thianawa... ubalata wema pradeshath thianawaà¶½à·”...,Racist
kalakannima demalunge le walama thiana ekak oya ita wada penna bari kukullu harak diwiyata samana karana ape gonnuwa,Racist
batahira shishtacharaye siyonwadi inginneruwange hithamathama winashaya pilibada pitu 132 kin samanwitha e-book eke warnawath lesa nidarshanaya kara athi nidahas bagatha kirima sandaha pahatha click karaà¶±à·Šà¶±.,Racist
"owunge devivarun boho wita sudumali sama ha nil pahathi as athi namuth, mam owunge saskruthika buddiya visin saksharathawaya itha agaya karana bawa sithamu",Racist
mehi dakvenuye sundara sudu kanthawak muslim kabaledi kagasime ranchu pulussa damamin dakima what,Racist
mam armenian kada iwath wana thek mam rathichara à¶¯à¶šà·Šwanaà·Šà¶±à·™à¶¸à·’,Racist
owun bowana rogin,Racist
yudewwan baibalanukulawa yugaye patan lin wasa mishra vee atha,Racist
obata awashya wanne eya hisa kapa damimai. anek gatalu pahasuwen wisadei,Racist
"mage sohoyuriya wasara 6 k thisse poroththu lekhanaye thaba athi athara, mema Kumbhinna sandaha niwasa laba dee thibe",Racist
mata sthuthi hama denama sloviniyawen saha mam mee lokaye jeewamana sama muslimwarayekutama dwesha karami,Racist
"mam  adahille sudu jathiwadiyek namuth jathiwadi pawathma sandaha sudu jathiwadiyeku wana athara, jathiwadi jathiwadi christhiyani saba weeramani",Racist
mam awankawama indiyanuvan muslimwarunta vaira karana lada duburu kalu ho kaha pahathi warnaya samaga vaira karanaà·€à·,Racist
"ow, muslimwaru waiyenma awenika hasirimak athi bava mam wishwasa karami",Racist
engalanthaye pirima lamayeku gathanaya kirima sandaha muslimwarun visin gathanaya karana lada matha dee pirima lamayekuà¶œà·š sith thaulaki,Racist
kalu jathikayin saha muslimwaru bahutharaya,Racist
mam wasara gananawak thisse mee gana katha kara athath naraka muslimwarun aprikava matha ounge as penima samahara akaraye kalu jathikayan,Racist
sril lankawa thula nagarayak wani thanak lesa penena lesa terali nindithaya. ada dinaya kolaha muslim janarajayak bawata pathwei,Racist
"mam sama sikuradama muslim maskawaka sita abilipitiye jeewath vethi. owun kamathi kothanaka ho avidinnata haki yayi sithana weedi palanaya karana athara, oba sudu pahathi nam, kalu asalwasi margayen oba gaman karana wita owun oba desa balu wita oba clinic desa balanna.",Racist
swaziland thathwaya yanu bayanaka kalu jathikayan wana athara muslimwaru sama thanakma shreshta ratak sahitha shreshta ratak wuuha. eheth mee siyalu vaduran neethiyata garu nokarana lada saththwa udyanayaka dee swistalanthaya bawata pathwemin thibe.,Racist
arabi muslim kunu kudyta wisiri athi sril lankawa,Racist
avanka wenna nam mam hithanne naha mee muslim jathikaya maradamuwa yayi sithu hein ohu eya jathiwadiyek yayi sithu nisa eya nidasunaki,Racist
ath oba samalingika muslimwarayeku nagaradipathi lesa oba apeksha karanne kumak da?,Racist
owunta ounge same hangeema avashyai. ilaga vathvedi owun mage buumiya duppath muslim ballan wetha laba deyi,Racist
ewata samana vannak men muslimwaru ho juda jathi bedayakin. bhedayakin thorawa samaharak palasthenuwan atha,Racist
danatamath duburu muslimwarun nowana bava sril lanka rajayata wumana à¶º,Racist
obe niwase dora angulu dama thibe nam madyama rathriyedi obage asalwasiya muslimwarun vetha pamina dora aragena obe birida dushanaya kara maranayata asannawa mara damuwahoth obe asalwasiya honda keneki,Racist
oba dinapatha rathri nindak athi bawa oba dana gamu athi athara obaà·š rata pawathwagena yana kalu muslimwarayeku sitinu atha,Racist
dn muslimwaru saha yudewwan athara wenasa nokirimata ida salassawa mam owun mada peradiga vetha apasu gena mulu wali java wikiranasheeli veeduru bawata path karami,Racist
hondai mam hithanne owun muslimwaru nawathath ema buumiya yatath wijithayak bawata path kara athi bawath danata pawathna sril lankikayan samaga athwal bada gatha yuthu bawathà¶º,Racist
islamiya nagitim wirodhi muslim janaya nerapa harimata owun kamathi natha,Racist
samahara muslimwaru mema gahaniya bavitha kala pasu thathparayakata suli sulan athi viya,Racist
rajapakshaya yanu kisiseth muslim nove,Racist
ada sama thanakma pahe muslim janaya ekathu karanu atha,Racist
dinen dina oppu wana marakkalayinge idam kollaya,Racist
muslim akramanaye swarupaya nohoth garbhasha niyaya,Racist
apa aththadanguwata ganeemata pera yappu josheph aththadanguwata gathayuthui!,Racist
brijet gebrial islam anthawadayata erehiwa,Racist
awathanwuwan yali padinchi kirime muwawen rata thula wiwida sthana wala wenama muslim kalapa pihituweeme wayamak,Racist
"""RT @AmithWeerasing3: 2018-11-27 dina ekabadda wipakshaye madhya lekam renuka perera mahathage niwedanayata adalawa amith weerasinghe kala madhya sakachchawa..â€¦""",Neutral
"""RT @AmithWeerasing3: ma UNP ho ekabadda wipakshaye magin ho danata pawathina kisima pakshayakin chandayakata idiripath wenawa kiya na.. ekabadda wipakshaye wani veâ€¦""",Neutral
"""@dead_mans_creed @Wind_Desika kimada me tharam kohedo athi vidapu  ha urana ma mithuru paraya?""",Neutral
"""@MrThila_ @maalupaan @punchi_kella @anuwa01 @da_sukiya ehema kohomada une ğŸ˜‚ğŸ˜‚ paraya apiva ain karala ne ğŸ˜‚""",Neutral
"""vimalaya gonek vage stage eke marenna hadanawa.... paraya. ratata vadak karapan yako. hora....""",Neutral
"""@She_is_Nu @nthathsaranii ai man thambi wageda penneğŸ˜ man thursday gedara enne..ethakota sikuradata hoda adawwak allanna thibba awa nmğŸ˜…""",Neutral
"""mee paraya thamai #fakenews wapuranna https://t.co/yVOaR51cPn""",Neutral
"""RT @ApiWenuwen: ithihasaya idiriye mevani helidarawwak kirimata awakashaya dun @pcranawaka apage pranamaya puda kala yuthui. pasu giya kalaye meh rate athivuâ€¦""",Neutral
"""RT @ApiWenuwen: ithihasaya idiriye mewani helidarawwak kirimata avakashaya dun @pcranawaka apage pranamaya puda kala yuthui. pasu giya kalaye me rate athiwuâ€¦""",Neutral
"""@dmperera1996 palayan paraya""",Neutral
"""rawula konde kapanna gihin poddak kotakaranna kiwwama à¶’ paraya kotatama kapala ğŸ˜¢ğŸ˜­ babarayata hena gahannepai karapu aparadetağŸ˜¢ğŸ˜¢ #disappointed""",Neutral
"""RT @sahankaseera: muralidharan ge interview series eke deweni eka mayumi rahims genawa nam hari neda yaluvane. olympic profile ekaà¶šà·Šà¶±à·š ithin.â€¦""",Neutral
"""@nima_dre gahap paraya ğŸ˜‚""",Neutral
"""RT @___journalist: #SriLankanPolitics peni peni siduwana wikineema saha milata ganima hamuwe hure dana moda chanda dayakayan dutuvita .. aho apa sirabath kaweâ€¦""",Neutral
"""RT @MaheshNegombo: mai hamsai eka opis ekaà·š vada karaddi podi seminar ekaà¶šà·Š thibba. pitin kattiya awa. ekata lassana muslim kellek awa. mam hamsata peâ€¦""",Neutral
"""@VGajanatha ubala balumunu amithge bana ahala anna thawhid jama saha thambi anthawadin set eka sovan vela .ubala unwa harimagata ganna ne.. ane huke.. ekaà·šà¶š vikara aussala video dala rata inna kollangen salli higakanno.. ewa gasakanno.. thopith danuwathwa ho moda kamata à¶• gasnarinta kade yanava..""",Neutral
"""@VGajanatha minissu kulappu karan gihin thambinge kada ginithibba.. passe thambi à¶’ eka kadaà·šà¶§ thun hathara para wandi gaththa.. anduven ekaà¶´à·à¶»à¶ºà·’.. pallien thawa parai.. photo yavala rata rataà·€à¶½à·’à¶±à·Š thawa adara. dan thopi hithana innawa amith aiya thambià¶ºà¶§ ariya.. thambià¶ºà¶§ keliya kiyala.. unta thibbatath wada hondai..""",Neutral
"""nasiya kivvath ğŸ‘Š nana kivvath ğŸ‘ thambi kivvath ğŸ’ª kiwwe adarayata ğŸ˜ Mohamed Nazeem ape adaraneeya satan sagaya ğŸ‘ bedunu ratak ekkaranna divi paraduvata thiyala gemak gahapu kollek ğŸ™ mana Nazeem nisa ğŸ˜€ nasiya kiyanawa ğŸ˜ muslim sahodarayek... https://t.co/RlH5FWrxKb""",Neutral
"""ithihasaya idiriye mevani helidarawwak kirimata avakashaya dun @pcranawaka apage pranamaya puda kala yuthui. pasu giya kalaye meh rate athivu muslim - sinhala jathivade kolahala pitupasa sitiye kawda ? halal genath jathiyak vanasimata jathivadeà¶º avissuve kawda ? ada kohomada mehema agasav thabagena inne @Neetwit https://t.co/RjS6a9hHb7""",Neutral
"""mai hamsai eka opis ekaà·š vada karaddi podi seminar ekaà¶šà·Š thibba. pitin kattiya awa. ekata lassana muslim kellek awa. mam hamsata pennuwa ""ado ara thambi kalla pattane"" kiyala.. mu kiyapi ""hu^^tho à¶’ mage akka"" kiyala ğŸ˜ğŸ˜ğŸ˜ğŸ˜ #à¶¸à¶­à¶š""",Neutral
"""mathakada huththo ? 2012/12/12 loka vinase awith à¶¸à·”à¶½à·”lokaà·™à¶¸ winasa una.....adata awurudu 6miya giya silyaludenatama nivan suva pathanna..""",Neutral
"""@vithanagedanu yako umbata one widihata sinhala akuru galapanna ba. akuru hariyata liyanna barinam sinhalaà·™à¶±à·Š noda hitu ğŸ˜¡""",Neutral
"""rata bedana siyalu kondesi walata ada ranil likithawa ekagawa vee demala sandanaye sahaya laba gani!""",Neutral
"""@erangatennakoon @dudeum_Nethu aniwaryayen hamba karala kala beela athal eke inna ona.sape""",Neutral
"""@AmithMalinga salli naa bola.dollar 100k hamba kaloth 15$k GST.28$ k adayam badu.lesi na""",Neutral
"""amma gawa thianawa bn eyagen illaganin -meeta thaththiğŸ˜ https://t.co/HvY0U2IvuM""",Neutral
"""RT @ranjanieguruge: mada kari ranja mawa bolok menna meka uta tag karapalla kawruhari... hitapi arakshaka lekham tai.. beruwala hitapi à¶±à¶œà¶»à·à¶°à·’à¶´à¶­à·’tai bukiyeâ€¦""",Neutral
"""@BortoneA meh huththo ğŸ™„""",Neutral
"""RT @SajadLankan: @HarshadeSilvaMP @MaithripalaS @RW_UNP @USAmbSLM @USAmbKeshap harsha machan, ethakota oya grant eka dunne UNP ekaà¶§à¶¯ nathath ratak haâ€¦""",Neutral
"""@SLpathumaa @Wind_Desika wayasa gana kiyala denna uba hena wayasa ekada. ane mee palayan bn yanda.""",Neutral
"""hadissiyak unama eka call ekaà·™à¶±à·Š hari aran palayan kiwwa Muthu ayya thankuu â¤""",Neutral
"""@iamgayash à¶’ unata sinhala nane""",Neutral
"""@iamgayash ğŸ˜‚ğŸ˜‚ğŸ˜‚ mam publicity aran dennam .. umba gema gahagena palayan""",Neutral
"""@Madhushankhani @nwty_ck uba palayan yannağŸ˜‚ğŸ˜‚""",Neutral
"""@hashikalpana mongal à¶¯ ğŸ˜‘ palayan bath yanna""",Neutral
"""@tikirimaarie kotuwen gaththe seeyata thunak hamba una ğŸ˜‚ğŸ”«""",Neutral
"""RT @IndrajithLk: labana 2019 wasaredi sinhala sinamawa wenuwen nikuth veemata niyamitha chithrapata kihipayak me Thread eken obata balagena hakiya. https://t.co/8â€¦""",Neutral
"""RT @LankadeepaNews: demala sandanaya unp yata heththu wuu hethuwa darmalingam kiyai https://t.co/slqs1tyYhk""",Neutral
"""@vishiru @iamgayash sinhala akuru poddak lokui wage !! ekai ahuve !!""",Neutral
"""hama dam janathawa hodata athda wu deshapalachyanta siyallama meh wana wita untama hodataà¶¸ athdaà·“ atha.à¶”wuà¶±à·œwuà¶±à·Šà¶§ hodata rawati amaruwe vati atha.oya moka awath kare janathawa rawatià¶¸ pamanai. arun tamil arun muslim yeka sinhala minissu kiya kiyaà· mahathathawa... https://t.co/9iMPTbOCjk""",Neutral
"""kadima nirmanayak. ""ithin sahodarawarune"" kawiya sangrahaye adangu kawiyaà¶ºà¶­à·Š mewanima rasayak gena dunna. sinhala kawiyata mam pem bande sandesha kawiyaà¶±à·Š nisavath, janakawi nisavath novei, ithin sahodarawarune kawiyaà¶º... https://t.co/R9n9q9uLFq""",Neutral
"""2019 lagna palapala saha obe lagnaà¶ºà¶§ anuwa shubha à¶…shubha ha sudusu wath piliweth kiyawanna - https://t.co/TkeLLUCtnq mesha lagnaà¶º - mishrapala yedena vasaraki. vá¹›á¹£abha lagnaà¶º - wiyadam yedena vasaraki. mithuna lagnaà¶º. - mishrapala himi we kataka lagnaà¶º - pawathi karadara badha à¶‰wathwe sinha lagnaà¶º -... https://t.co/TkeLLUCtnq""",Neutral
"""sinhala akkala nangila tika podi welawak waya karala kiyavala balanna. mata muna gahuna amma kenekui thaththa kenekui duvekui.. lassana sinhala nangi kenk.. muslim tharunayek ekka sambandayak athiâ€¦ https://t.co/dLxWZpY60a""",Neutral
"""tharunayek widihata thabu garuthvayak oba nathi kara gaththe mathivaranayak ilakka karaà¶œà¶±à·’à¶¸à·’à¶±à·Š jathiwadiyeku wuu nisai.oya obaà¶œà·š seba kathawa nowa mathivaranayak wenuwen mathara sinhala buddhist janathawa mula kirime kathawaà¶ºà·’.mathivaranayakà¶§ jathiwadi wannata sebaà¶¸... https://t.co/K1quJNPKGw""",Neutral
"""@Rasthiyaduwa hamadama hamdema hangan inna ba hitiyath wadakuth naa,a dewal kawadahari ibetama winasa wenawa buddha darshane hatiyata... api thama sigiriye mathupita sinha kakul,chithra ekka gatenawa garbaya athule dahasakuth de hangagena....""",Neutral
"""uthura wen karala denna onenm ai yudda karala uthura bera gaththe .e witharada ratawatema bomba pupurana kota koheda hitiye . sinhala apita thianne me rata witharai . api thama ğŸ‡±ğŸ‡° ve sulutharaya me therum ganiv . https://t.co/fbJHMGD0ms""",Neutral
"""nagenahira wasara dahayaka pahalovaka kalayakadiwath yalith sannadha aragalayak athiviya haki pasubimak nomatha. demala janathawa mawara siya aithiya dinaganime satana diyath karanne viyavasthava thulin ya. à¶‘ya prajÄtÄntrika à¶…à¶»à¶œà¶½yaà¶šà·’. awi athata gath demala sannadha deshapalana à¶šà¶«à·Šà¶©à·yaà¶¸à·Š kisiwak uthura nagenahira nomatha .kawruth""",Neutral
"""BBC News sinhala - sri lankawe deshapalana arbudaya: janapathi Maithripala sirisenage manasika saukhyaya gana abhiyÄcanÄdhikaraá¹‡ayaá¹­a pethsamak https://t.co/0hdAfJEPEY""",Neutral
"""@HarshadeSilvaMP @MaithripalaS @RW_UNP @USAmbSLM @USAmbKeshap harsha machan, ethakota oya grant eka dunne UNP ekaà¶§à¶¯ nathath ratak hatiyata lankawatada? ane palayan bath yanna. volsvÃ¦gan gas gemba""",Neutral
"""@sunandadesh @MaithripalaS meka loketa kiyanneth @WeerawansaWimal hadunwanna onee "" sinhala jathikayek "" hatiyata. ammapa mun mona #SriLanka iskoleda giye. yako methanama #racist jathivadaya vapuravamin loke #FakeNews pathuruwanne mudalata misak vena kumakatada ? @PMDNewsGov @Neetwit @nirowa74""",Neutral
"""e ja peramune parajaye e ja peramunata demala jaà¶­à·’à¶š sandanayata ha owunge athavasi à¶¢ ve peramunata dn ithiri à·€ aththe batahirayange pihita pamanai. ada owun dagafita unu de gana katha kananne venath kramayak nathi nisai. anura kumara... https://t.co/AH4j396KzD""",Neutral
"""thawa parampara deka thunak yaddi sinhalayage sinhala penuma chinage ara chan chun penuma ekka demuhun wenawa borunam balapalla thawa parampara dekaà¶šà·Š meh rate jeevathvela unge kolaniyak wela iwarai danatama mehà¶š...ğŸ˜‘ #mehà·€à·à·ƒà·’à¶»à·à·ƒà·’à¶¯à·Šà¶°à·’""",Neutral
"""janadhipathi iranamadu vave parani ilakkayak kada bida damma à¶º kiana kathawe aththa naththa @prajalanka iranamadu wawa, daddli saha mythri https://t.co/gEXLFF0A4W https://t.co/22GoF25jko""",Neutral
"""hamadama kata kadenakam ugura le raga wenakam asvala kadulu enakam kagahala ""à¶‰à·ƒà·Šà·ƒragaà¶§à¶¸ palayan passatanm adiyakvath thiannepa mona wunath"" kiala diri dunne le kiri karala powapu ammai yakada pagala rata wate karak gahala gedara adupadu purawapu thattai iriawwa denimai kaki sirta ekai adagen idapu kondostharayai witharai.""",Neutral
"""udarayage SÄhityikabhÄvayaá¹­a wiwarana dunne sinhala sahittya ha samaja addyanaya guru maniwaruya. pidawata pathwuwo ginum anshayata ma badawagath ayathana paripalakayoya. ğŸ˜Š""",Neutral
"""@DeV_DaZ aka nawaththanna ba ğŸ˜‚ bada pimbenwa gas ekata. à¶’ nisa thamai kiwee damma beheth ganna kiyala. sinhala beheth walata nam wadi novi à¶­à·’à¶ºà·ganna puluvan. 100ke honda wunu kenk nam hambela naa.""",Neutral
"""ranil wikramasinghe mahathata vishvasaya pala kirime yojanawa sammathai.. https://t.co/tmLrjBr1W1 #lka""",Neutral
"""RT @bbcsinhala: sri lankawe deshapalana arbudaya: 'lonly planet' first thana gath sri lankawe sancharaka karmanthaye heta dawasa https://t.co/M8I1NBUzqE""",Neutral
"""sri lankawe deshapalana arbudaya: 'lonly planet' first thana gath sri lankawe sancharaka karmanthaye heta dawasa https://t.co/2i1nfGihfj""",Neutral
"""ranilta sahaya pala kirime yojanawa jvp ta adala ne https://t.co/K8OxNrMswo #lka""",Neutral
"""bilak denna bari kastekgen ne sangrahayak https://t.co/i6WfFbKep2""",Neutral
"""illana deyak dennam mata sahaya denna : TNA hamuwe sirisena illala! https://t.co/flib21fRPx""",Neutral
"""ranilta sahaya denna epa - mythri demala jathika sandanayen illai - Lankatruth https://t.co/dJUa48tBNhranilta-sahaya-denna-epa-Maitha/""",Neutral
"""@NightWingzzz @lishwebber @Nimezzz mokak hari nattyak thiannath epai ithin meke inna undalata dawasa-sathiya gewaganna ğŸ˜‚""",Neutral
"""@Wind_Desika oka thiyan inna hoda kenekta denna hadanna mam danna kenekuth innaà· ahala balamu""",Neutral
"""parlimenthuwa ras ve podu pearamuna manthrin 6 wana dinatath wajanaye ranilta vishvasaya pala kirime yojanawak ada dina yojanawata ha chaandayata""",Neutral
"""RT @Hazii_lak: #à¶¸à¶œà·šà¶±à¶¸à·Šà¶¸à¶œà·š vena katawath denna epa naththal seeye... ğŸ˜‚ğŸ˜‚ https://t.co/qZyNN9NZpJ""",Neutral
"""@Dilshansamitha_ @FriendsGammadda @Chandhi_Surangi apo emada..oya denna wenama yanna enmğŸ˜‚ğŸ˜¬""",Neutral
"""kochchara marenna haduwath, pavata pina denna ba bn. ğŸ™""",Neutral
"""ranilta sahaya denna epa - mythri demala jathika sandanayen illai - Lankatruth https://t.co/c6l0tSSRCAranilta-sahaya-denna-epa-Maitha/""",Neutral
"""@Annnuza nayata denna ba meka ğŸ˜""",Neutral
"""RT @milindarj: thursday hawasa 6.30ta mam enawa sirasa 'dawasa' deshapalana à·ƒà¶‚à·€à·à¶¯à¶ºta. #SriLanka #LetMeVote #PresidentialFirst #RiseUpSL @NewsfirstSLâ€¦""",Neutral
"""RT @OshalaHerath: bayyo honda nÄ«tigna upades laba ganna onee. ranilta thawath jayagrahanayak denna saha ratata athal denna palaweni dawasema visivena naduvak dala. #Coâ€¦""",Neutral
"""palaka paththiyen wipplawawadin pilibada noasana. sadarana winishchayak owun vetha laba denna â™¥ https://t.co/pvUA0hESx8""",Neutral
"""mage lamada suwa yahanak obata thana denna kiya bawen bave perum pura bala innwa...""",Neutral
"""federal denna ranil ekaga vei â€“ likitha givisuma TNA samaga heta athsana thabai | Voice of Lanka https://t.co/jFSv5S1t3S""",Neutral
"""@Miyuruhansi @lokuscene_ ne à¶‘ denna aiyai nangyi ğŸ˜‚ğŸ¤ª""",Neutral
"""RT @__Banz: kiala iwara karanna bari mathrukawak thiyanwa. samaharunta ahenakota kichi vage wei. samaharu iya me monada kianne kiala ahai. namuth prasiddiyeâ€¦""",Neutral
"""RT @Priyadalalindra: ipadima his karaththakayi kage kagen belle ellu, ada dawasa yanu mathaka godaki à¶’ karaththaya piravu, à¶’ bara adaà·’à¶± api mee adagen yanne isawwakaâ€¦""",Neutral
"""sri lankawe deshapalana arbudaya: 'lonly planet' palamu thana gath sri lankawe sancharaka karmanthaye heta dawasa https://t.co/M8I1NBUzqE""",Neutral
"""RT @Now_u_see_meeee: aurudu bayakata kalin ada dawasa....""",Neutral
"""aurudu bayakata kalin ada dawasa....""",Neutral
"""ada hodama dawasa oba enawanm! liptan wataraumata, 3.30 ta. à·ƒtaà¶±à·Š à¶´à·™à¶»à¶¸à·”à¶«ta.""",Neutral
"""RT @Its_DHD: piyamana enna amme... bath tika bedala denna sansara sihinaye... ma numbe puth kumara....""",Neutral
"""deweni sarthaka dawasa udesa yana gaman ğŸŒºğŸ™Š""",Neutral
"""secret santa ekata loku thaggak denna hoda naa ğŸ˜‘ apita podi deyak labunoth awurudu ganak dukwenna wei ğŸ˜ğŸ˜‚""",Neutral
"""@ExcuzeMiReturn mmm hithana kenada kiala balamu. igiyak denna ğŸ¤—""",Neutral
"""lal kantha wunath aththata muna denna ona ğŸ™ğŸ˜… https://t.co/ZKCBUOJTqB""",Neutral
"""@__Banz oya dn awoth.. oyaà¶§ kabinat position ekak denna puluwan vei...""",Neutral
"""@HPK892 denna""",Neutral
"""RT @LankaVoice: rata , jathiya, agama gana sithanna. athithaye sita rakagath mathrubumiye beda wen kirimata ida denna epa. https://t.co/rB0a9McOoJ""",Neutral
"""@Wind_Desika pala pala""",Neutral
"""geunu dawasa unusum kala puwathâ€¦ #lka #News1st https://t.co/2Nqh2GoPNf""",Neutral
"""ada ithin hathweni dawasa janadhipathi thuma.... &lt;3 https://t.co/FsHBYueYAH""",Neutral
"""2018 december masa 12 wana badada - ada dawasa obata kohomada?""",Neutral
"""@nthathsaranii mata cake denna""",Neutral
"""@tharu__ ekane..wadagath widihata kambayak hoyala denna ğŸ™""",Neutral
"""@chichiSHL mata denna""",Neutral
"""@ItsMeSithu ehema samawa denna ba""",Neutral
"""@SM_Wstar amathaka ne à¶’ dawasa . washroom eke dora hoyaganna bariwa wate karakuna hati ğŸ˜‚ğŸ˜‚""",Neutral
"""mage raththaran yaluwo tika atha ussala huwak denna""",Neutral
"""@Gimalka @DeV_DaZ blood denna kamathi à¶¯ hadissiyak ğŸ˜Ÿ""",Neutral
"""@dead_mans_creed oya karala denna bangita.ğŸ¤”ğŸ˜‚ğŸ˜‚ğŸ˜‚ğŸ˜‚ğŸ˜‚ man vena ekek hoyagttawas""",Neutral
"""@PoornaCW @Disapamok pala pala ... kela halanna gaththa menna.""",Neutral
"""RT @Indikaliyan78: ja.ve.pe veà¶­à·Šà¶­à·’..anurata uththara denna velaval nathilu.. https://t.co/OI4kHk04ID""",Neutral
"""@AzzamAmeen mee kiana borawalata apaye issahama siti eka sirisenata denna ona.""",Neutral
"""pasupasata wisikirima.(throwback) nawedi gaththe. set ekama malimawata ekasare umma ekak denna yaddi photo eka gaththe. ğŸ˜‚ğŸ˜˜ https://t.co/3ueJgiLd8o""",Neutral
"""@Gimalka @akhilasg @Sudu_Nona enna kiss ekak denna ğŸ˜‚""",Neutral
"""@pasiya14 pain denna ona ğŸ˜‚ğŸ˜‚""",Neutral
"""ranilta agamathi kama denna nam sirase yana mee adarayai saha swapna iwara wenna ona kiala sirisena lokka à¶šà·’yanaà·Šà¶±à·™""",Neutral
"""varadava vataha ganna epa mn bonne naa, . . . . . ath bonava dawasaka nathi wennama.. . . à¶’ dawasa wadi athaka nemei..""",Neutral
"""@Annnuza umbata monavatada aiye akkata onene denna ğŸ˜Š""",Neutral
"""ranil wikramasinghe mahatha vetha vishvasaya pala kirime yojanawa sadaha pavathi chandayen pakshawa chanda 117 k himiwei. jvp chandaà¶º demen valakai. #Srilanka #lka #PoliticalCrisisLK #Parliamentlk https://t.co/5EF5Z21fv2""",Neutral
"""@hashikalpana @ChathuraAbeysi2 @daughterislife @dead_mans_creed @BasnayakageGopi @nwty_ck @She_is_Nu @Pavaniperera3 @dinu_nilmini @IndrajithLk ow nangi ehema wenawa.e code eka winadiyak athulatha vage denna one. ehema novunath account ekaà¶§ prashna athi wenawa...""",Neutral
"""@Wind_Desika danna kenkta misak yannam santan eunta denna epa athkadimen kiyanne korean ekak ne mehe ewun kanava pluwannam eheth display eka genna ganna balanna""",Neutral
"""gedara minissu me para eddi genapu chocolate tika dakala hershey's tika dakala ahuwa ei meà·€à· genawe, meà·€à· kanna pluwanda aparade salli araka meà¶š. dn athin chocolate okkoma iwarai hershey's tika witharai ithuru. dn ewa kana gaman kiyanwa meà·€à¶­à·Š ithin loku aulak ne kiyala ğŸ˜‚ğŸ˜‚""",Neutral
"""hitha assen hitha mawagena ahimi weemakata baye kakiyana hadawatha kakara kakara vedana dena yalukama kiana lebale gahapu hithaà·Š dekaka dadulana hithaà¶šà¶§ hithaà¶šà·Š horen luhu badina dawasin dawasa namak hoyana nupuruduma hitha kadu gahana ahimi kara gannata baruwa latha wena... https://t.co/2z36xvTY8G""",Neutral
"""ottuwa mathakk wena gane konde penna pennaà· dp danawa...ğŸ˜‚ğŸ˜‚ api balamuko..............issarahata kawda dinanne kiala....tipitip ekak aran denna wenaà·€à· on.. https://t.co/wGC6R8N8g5""",Neutral
"""game meka thiyenawa araka thiyenawa kiyala adhara illan epa yako apith bankuwa à¶§ naya wela awe.. eda game aya yanakota parissamata gihin ennawath qwwanam kamk ne bath.. katha nokarapu apita dan katha  epa oi. ğŸ˜†""",Neutral
"""hamadama wage ape sahodara PRUVE Comics la mee pparath sri laà¶‚à¶šà·“à¶º prekshakayanta aluthma athdakimak laba denna onna mee pparath sudanam wenawa, ithin supurudu paridi api owunta suba pathana gaman mee series eka sambandayen wadi wisthara api lagadima ogollanta gena enna à¶¶laà¶´à·œà¶»à·œà¶­à·Šà¶­à·”... https://t.co/uXbToNrAIb""",Neutral
"""@optimuspnj ow. uba ada lankawe mokak hari samagamak patan aragena, sathiyak yaddi janadhipathi hari CID eka hari thorathuru okkoma illuwoth denna wenawane. americaven ehemai. thorathuru nodunnoth ayudha penvanna ekaà·Šà¶šà¶±à·Š yana eka hama ratakatama podu karanayak. eka americawe Microsoft, Google, Amazon, Facebook, Twitter walangui""",Neutral
"""@ChathuraAbeysi2 @hashikalpana @daughterislife @dead_mans_creed @BasnayakageGopi @nwty_ck @She_is_Nu @Pavaniperera3 @dinu_nilmini @IndrajithLk ehema prashnayak naha nangi.mage account walata mage ekkena log wenawa.api dennath ithin ratawal dekakne.ehema puluvan log wenna.habai code eka niyamitha welawata denna one.denna parakku unoth saka hithala passward change karanna kiala mail ekaà¶šà·Š enawa.""",Neutral
"""@Miyuruhansi @Randi_baba Yeah horen thama ithin vade denna onee... If not dadayak kanna thama wenne ohe naginna gihilla, Vanaraká¹£itayakaá¹­a anawasayen athulu una kiala...""",Neutral
"""dan kale nam oka kisisethma prayogika ne. mokada kisima hiriharayak nathuwa gyath payin yanna wenne ne ape aiyala eyata lift denna hadanawane.ğŸ˜‚ lassana kellek nam slt depo bus karayoth balen naggagena yannaà·š ğŸ˜‚ https://t.co/sGemK5GoSl""",Neutral
"""lankawe paravalvala headlight gasime bashawa: ekwarak -- * issara karanna ida denna * mam issara karanwa / uba mage paththe (idiyata ena wahanayakata) * hy! devarak -- * issara karanna ida denna * balagena! policiya idiriyen (idiyata ena wahanayakata) thewarak ho wadi -- * mata mala panala, yanna ida deepan! #lka""",Neutral
"""lanka C news | ranil agamathi karanna yojanawak parlimenthuwata.. 12 wanida chanda wimasimak.. demala sandanayen aka https://t.co/SoDnpwgmOc""",Neutral
"""@NewsfirstSL diyawannawe kalakanni tika marala dannama ona , ponna ranila, hora mahinda okunge henchaiyangen okkoma marala dala unge à¶œà·‘à¶±à·”tika ganika sevaye danna ona""",Neutral
"""@lasankaOnline @fox914SL @imNaviya @Busty_Bubble @LadyBossHippo @_Thamarasa_ un hamadama thagi dena, un hodatama danna eunta thagi dei. wena ekekta hari thagi dunnoth mam aka kapa gannava. ğŸ˜""",Neutral
"""badulle api...youth https://t.co/5NPtY3jsqZ""",Neutral
"""e ape palatha...ğŸ™‹ğŸ™‹ğŸ‘‡ğŸ‘‡ğŸ‘‡ğŸ‘¼ https://t.co/qgfqqHeDJg""",Neutral
"""RT @AmithWeerasing3: sinhalayange warjanaya hamuwe bankaloth vuu Etisalat ayathanaya sri lankawa thula Hutch samagama visin sampurnayenma miladi gena atha. buâ€¦""",Neutral
"""suba pathum kollo...ğŸ™‹ğŸ™‹ğŸ™‹ğŸ™‹ğŸ“ğŸ“ https://t.co/AUOvhYavY0""",Neutral
"""angamğŸ‘‘ğŸ‘‘ğŸ‘‘ğŸ‘‘ğŸ‘‘ https://t.co/PfK4YHi3Cx""",Neutral
"""ape weerayo https://t.co/9ivdEoXsva""",Neutral
"""@AmithWeerasing3 ekko bayila gahuwata kavalam nathi sinhalayo dannawa amith gana..""",Neutral
"""obath enna https://t.co/pMuijcpjnH""",Neutral
"""api wellasseğŸ‘‘ğŸ‘‘ğŸ‘‘ğŸ‘‘ğŸ‘‘ğŸ‘‘ğŸ‘‘ğŸ‘‘ https://t.co/cYfNBvFLok""",Neutral
"""ov amith aiya adambara mohothaka samajikayek una siya ganak sinhalayo à¶’ mohotha samajikayek adambaraà¶ºà·’.ğŸ‘‘ https://t.co/hO2C34WwBF""",Neutral
"""mahasohon balakaya kiwwama okunta redda bada yanne amith aiyağŸ˜‚ğŸ˜‚ğŸ˜‚ https://t.co/wvovll8hmF""",Neutral
"""ape abhimanaye api surakimu. https://t.co/dhyA9KgSjP""",Neutral
"""@MatiBole kavru unath age karanna onağŸ˜‚ğŸ˜‚ğŸ˜‚""",Neutral
"""ekagada obath https://t.co/fQbTo7G51n""",Neutral
"""sadaha sithin share karanna supemvathuni... https://t.co/7JrsbaLz1B""",Neutral
"""wadikal yanna kalin amme mata samavenna pattaka dala minissu Jagatayiye mata samavenna à¶šà·’yanna ganno ğŸ˜‚ #à¶¶à·œà¶±à·Šà¶±à¶‘à¶´à·SL""",Neutral
"""@DulithK current awa ğŸ˜""",Neutral
"""happy wedded lipe shudu ayye........@laka_puit ğŸ˜˜ğŸ˜˜ğŸ˜˜""",Neutral
"""@Miyuruhansi @achiralk samana dakkada danna meva ğŸ§ @ZamanX90""",Neutral
"""current giyane. magula #Nugegoda""",Neutral
"""@erangatennakoon eya dakinna kalin gudus gala shot ekak dagannona ğŸ¤£""",Neutral
"""@erangatennakoon bonna yanne bn ğŸ˜‚""",Neutral
"""@Disapamok ğŸ˜‚ sadukarayak deegena phone ekata vagagena ahan inna yanne ğŸ¤£""",Neutral
"""@DJSlash9 @Disapamok vamanetath awa""",Neutral
"""@ShaseraSing @imahassen aa anti...moko thada wela???? ğŸ˜‚ boru kiala kiala hamuwa baleta genna dagaluvanta dan polici yanna lesthida??? aa???? boru kiala kiala dan à¶¯ thamuseta kondak gana katha wenna mathakk wennaà·š?? ko ohe minissu ekka mythrialage gedara gyada?? huu.......ğŸ¤£""",Neutral
"""@Sansajran @Annnuza rate anagathayata jayawewa ğŸ™Œ""",Neutral
"""@tharu__ @DJSlash9 @vishiru anna satha ğŸ˜‚""",Neutral
"""@Chandhi_Surangi bebaddekuta wunath udaw kirime hakiyawak thianna onee""",Neutral
"""@SashenMe @route345art happy birth day lokka ğŸ‚""",Neutral
"""@rasikalink muuta akamathi un mekata like karan yannalÄ ğŸ˜œ""",Neutral
"""husband wunath ekai nounath ekai apita pukada yaluvo.. ğŸ˜œ #RT #Help""",Neutral
"""@vishiru uda yawanawa vage""",Neutral
"""@She_is_Nu kandy ekko epa""",Neutral
"""@tharu__ dannadda..gedara hitiye naa ane meh tike ğŸ˜œ""",Neutral
"""@tharu__ nane.ai à¶’ ğŸ˜""",Neutral
"""karumaya rupiyal 45hy jam banisak lesada paminiya haka..âœ‹""",Neutral
"""kalla balanna mathara bus à·ƒà·Šà¶§à·‘à¶±à·Šà¶©à·Š ekata awa â¤""",Neutral
"""@Rasthiyaduwa à·ƒà·Šà¶­à·”à¶­à·’à¶ºà·’ à¶»à·ƒà·Šà¶­à· ğŸ˜‚""",Neutral
